id,Titulo,Tipo,Privado,Descripcion
TMA-74E7,GCP GKE No Usa Nodos Reforzados,Amenaza,No,"Sin Nodos Reforzados, un atacante que exfiltre credenciales de arranque de un Pod de Kubernetes podría suplantar nodos en el clúster y comprometer los secretos del mismo."
TMA-616B,Identidad de AWS IAM con Mínimo Privilegio,Control,No,Asegurar que la identidad de AWS IAM tenga únicamente los privilegios mínimos imprescindibles para llevar a cabo sus funciones.
TMA-7717,Azure AKS No Integra Microsoft Entra ID,Amenaza,No,El clúster de Kubernetes no tiene habilitada la integración con Microsoft Entra ID para la gestión de accesos.
TMA-395C,Microsoft Entra ID Requiere MFA,Control,No,Exigir el uso de autenticación multifactor para todos los usuarios de Microsoft Entra ID.
TMA-502F,Recurso Azure Cifra Datos con Claves Administradas por el Cliente,Control,No,Asegurar que la información sensible procesada por el recurso Azure esté cifrada mediante Claves Maestras del Cliente (CMK) de KMS para mantener el control total sobre el cifrado y cumplir con los requisitos normativos.
TMA-9037,Recurso GCP Asegura Conexiones con Cifrado TLS Robusto,Control,No,Asegurar que el recurso GCP aplique conexiones de red con las versiones de protocolo TLS aprobadas y suites de cifrado sólidas para proteger los datos en tránsito frente a exposición.
TMA-3B53,Identidad de GCP IAM con Privilegios Excesivos,Amenaza,No,A la identidad de GCP IAM se le han concedido privilegios excesivos que permiten el acceso no autorizado a información o servicios sensibles.
TMA-3A93,Grupo de Seguridad Sin Restricciones en AWS RDS,Amenaza,No,El grupo de seguridad predeterminado de cada VPC permite tráfico entrante y saliente sin restricciones.
TMA-853E,Recurso GCP con Privilegios Excesivos,Amenaza,No,Al recurso GCP se le han concedido privilegios excesivos que permiten el acceso no autorizado a información o recursos sensibles.
TMA-7C0E,Recurso Azure con Mínimo Privilegio,Control,No,Asegurar que el recurso Azure tenga únicamente los privilegios mínimos necesarios para ejecutar sus tareas.
TMA-E301,GCP Cloud SQL Usa Dirección IP Pública,Amenaza,No,La instancia de base de datos CloudSQL está configurada con direcciones IP públicas.
TMA-A9BD,Cuentas de Servicio Predeterminadas de GCP IAM Sin Asignaciones Automáticas de IAM,Control,No,Aplicar la política de deshabilitación de concesiones automáticas de IAM para evitar la asignación automática de roles a las cuentas de servicio predeterminadas creadas en el proyecto.
TMA-AF26,Registro y Monitoreo,Control,No,"Mantener registros de auditoría detallados con marcas de tiempo para actividades como inicios de sesión, acceso a datos sensibles, modificaciones en el control de acceso y acciones administrativas."
TMA-C479,Recursos Azure Integran Microsoft Entra ID,Control,No,Habilitar la integración con Microsoft Entra ID para mejorar la seguridad centralizando la gestión de permisos y accesos.
TMA-AA70,Conjunto de Escalado de Máquinas Virtuales Azure Usa IPs Públicas,Amenaza,No,La instancia del Conjunto de Escalado de Máquinas Virtuales (VMSS) está configurada con direcciones IP públicas.
TMA-7327,Recurso Azure Accesible Públicamente,Amenaza,No,El recurso Azure no está adecuadamente protegido y permite el acceso anónimo o público sin restricciones.
TMA-BAB1,Recurso Azure Cifra los Datos,Control,No,Asegurar que la información sensible procesada por el recurso Azure esté cifrada para cumplir con los requisitos de seguridad y normativa vigente.
TMA-3106,Recurso GCP Expuesto a Redes Públicas,Amenaza,No,"El recurso GCP está destinado al acceso exclusivo desde redes privadas; sin embargo, es accesible desde la red pública."
TMA-B184,Monitoreo de Eventos con AWS CloudWatch,Control,No,Usar eventos de CloudWatch para recibir notificaciones ante eventos de seguridad inusuales en los recursos AWS.
TMA-CCB2,Tokens SAS de Azure Storage con Tiempo de Expiración Estricto,Control,No,Los tokens SAS para acceder a la cuenta de almacenamiento tienen un tiempo de validez reducido para minimizar el riesgo de acceso no autorizado por exposición del token.
TMA-D16B,Cuentas de Servicio Predeterminadas de GCP IAM con Asignaciones Automáticas de IAM,Amenaza,No,"A la cuenta de servicio predeterminada se le asigna automáticamente el rol de Editor al crearse, lo que puede conceder permisos excesivos en función del entorno."
TMA-ED94,Recurso GCP Cifra Datos con Claves Administradas por el Cliente,Control,No,Asegurar que la información sensible procesada por el recurso GCP esté cifrada mediante Claves Maestras del Cliente (CMK) de KMS para mantener el control total sobre el cifrado y cumplir con los requisitos normativos.
TMA-C0D3,Integración de WAF en Recursos AWS,Control,No,Integrar AWS WAF para proteger el recurso web frente a las amenazas y exploits web más comunes.
TMA-4476,Azure KeyVault No Usa Clave Administrada por el Cliente,Amenaza,No,"Las Claves Administradas por el Cliente (CMK), también conocidas como claves BYOK, no se crean ni emplean correctamente para cumplir con los requisitos estrictos de seguridad y normativa."
TMA-EF74,Azure KeyVault Usa Clave Administrada por el Cliente,Control,No,Asegurar que la información sensible procesada por el recurso esté cifrada mediante Claves Maestras del Cliente (CMK) de KMS para mantener el control total sobre el cifrado y cumplir con requisitos normativos.
TMA-293A,Cabeceras de Seguridad HTTP,Control,No,Implementar cabeceras de seguridad HTTP como la Política de Seguridad de Contenido (CSP) como capa de defensa adicional contra ataques XSS y Clickjacking.
TMA-E799,Recurso Azure Sin Dirección IP Pública,Control,No,Asegurar que el recurso Azure no tenga asignadas direcciones IP públicas.
TMA-D508,Grupo de Seguridad Sin Restricciones en AWS EKS,Amenaza,No,El grupo de seguridad asociado al clúster EKS permite tráfico no deseado hacia el mismo.
TMA-A334,Azure Function con Políticas de Acceso Permisivas,Amenaza,No,La función Azure tiene una política de acceso excesivamente permisiva que puede permitir a usuarios no autorizados invocarla.
TMA-DF41,Recurso AWS con Cifrado de Datos en Reposo Inadecuado,Amenaza,No,"El recurso contiene información sensible que no está adecuadamente cifrada en reposo, incumpliendo los requisitos de cifrado establecidos."
TMA-3005,GCP IAM Requiere MFA,Control,No,Exigir el uso de autenticación multifactor para todos los usuarios de GCP IAM.
TMA-8CAF,AWS API Gateway Autentica Acceso a la API Mediante Claves o Tokens,Control,No,Asegurar que el acceso a las APIs a través de AWS API Gateway esté autenticado mediante el uso de claves o tokens de acceso.
TMA-D84A,Habilitar Escaneo en Inserción en AWS ECR,Control,No,Activar el escaneo automático en inserción de imágenes de contenedor en ECR para detectar vulnerabilidades de forma inmediata.
TMA-3977,AWS EC2 Utiliza IMDSv1,Amenaza,No,"El nodo emplea IMDSv1, exponiéndolo a ataques de Falsificación de Solicitudes del Lado del Servidor (SSRF) que podrían derivar en el robo de roles IAM."
TMA-23DE,Aprobación de Acceso de GCP IAM Deshabilitada,Amenaza,No,"La función de Aprobación de Acceso, diseñada para aplicar validación adicional en los accesos, no está habilitada."
TMA-970D,Azure OpenAI No Rota las Claves de Acceso,Amenaza,No,La instancia del servicio Azure OpenAI no rota periódicamente las claves de acceso para cumplir con los requisitos de seguridad y normativa.
TMA-419C,Minimización de Datos,Control,No,"Recopilar, procesar y almacenar únicamente los datos personales estrictamente necesarios. Evitar la exposición excesiva de la información recolectada."
TMA-CE99,Recurso AWS Sin Integración de WAF,Amenaza,No,"El recurso no está integrado con AWS WAF, lo que lo deja expuesto frente a exploits y ataques web comunes."
TMA-1926,AWS EC2 Solo Puede Usar AMIs Aprobadas,Control,No,Asegurar que únicamente las AMIs previamente aprobadas puedan emplearse para lanzar instancias EC2.
TMA-809B,Aplicar Autenticación,Control,No,"Implementar mecanismos de autenticación robustos para acceder a los recursos y funcionalidades del nodo, como contraseñas, tokens precompartidos o certificados digitales."
TMA-86CC,Acceso Sin Restricciones al Portal de Administración de Microsoft Entra ID,Amenaza,No,"El acceso al portal de administración de Microsoft Entra ID está habilitado sin restricciones, representando un riesgo de seguridad significativo."
TMA-8D75,Monitoreo con GCP Cloud Logging,Control,No,"Habilitar GCP Cloud Logging, cuando esté disponible, para fines de seguridad, cumplimiento normativo y diagnóstico de incidencias."
TMA-112F,Monitoreo de Registros con Azure Monitor,Control,No,"Habilitar los registros de diagnóstico, cuando estén disponibles, para supervisar las interacciones del recurso con otros servicios en la nube."
TMA-1ADE,Gestión de Parches,Control,No,"Mantener actualizadas las bibliotecas de software, componentes externos y demás dependencias de forma automatizada, oportuna y basada en la gestión del riesgo."
TMA-11FB,AWS Lambda Sin URL de Función,Control,No,Verificar que la función Lambda no tenga habilitadas URLs de función innecesarias.
TMA-1209,Monitoreo de Alertas con GCP Cloud Logging,Control,No,Configurar políticas de alertas para recibir notificaciones ante eventos de seguridad inusuales detectados en GCP.
TMA-3C16,Recurso GCP con Registro y Monitoreo Inadecuados,Amenaza,No,"El recurso GCP no está siendo supervisado adecuadamente por servicios de registro como Cloud Logging y otras herramientas específicas del recurso, limitando la capacidad de detección y respuesta ante eventos de seguridad."
TMA-A559,Control de Acceso Azure con Rol de Propietario Personalizado,Amenaza,No,"Existe un rol de propietario personalizado que otorga acceso administrativo completo a toda la cuenta de Microsoft Azure, aumentando el riesgo de abuso de privilegios."
TMA-5970,Escalada de Privilegios,Amenaza,No,"El nodo es vulnerable a ataques de escalada de privilegios, donde un adversario logra obtener permisos de nivel superior a los que le corresponden."
TMA-9398,Recurso Azure con Privilegios Excesivos,Amenaza,No,Al recurso Azure se le han concedido privilegios excesivos que permiten el acceso no autorizado a información o recursos sensibles.
TMA-6A01,Validación de Entrada,Control,No,Asegurar que solo los datos con el formato correcto sean admitidos en el sistema antes de ser procesados.
TMA-81F8,Monitoreo de Alarmas con AWS CloudWatch,Control,No,Configurar alarmas de CloudWatch para recibir notificaciones ante eventos de seguridad inusuales.
TMA-649A,AWS KMS con Claves Administradas por el Cliente,Control,No,Asegurar que la información sensible procesada por el recurso esté cifrada mediante Claves Maestras del Cliente (CMK) de KMS para mantener el control total sobre el cifrado y cumplir con los requisitos normativos.
TMA-C02E,Monitoreo con Azure Monitor Application Insights,Control,No,Habilitar Application Insights para supervisar las métricas de seguridad y rendimiento de la aplicación web.
TMA-274F,Autenticación de Certificados SSL de Cliente en Recursos AWS,Control,No,Aplicar la autenticación de certificados SSL del lado del cliente para garantizar que solo los clientes autorizados con certificados válidos puedan acceder al recurso.
TMA-F973,Mantener un Inventario de Activos,Control,No,Mantener activamente un inventario de activos de TI para garantizar el cumplimiento de los estándares organizacionales de seguridad y facilitar la gestión del riesgo.
TMA-4E53,Almacenamiento Inseguro de Secretos en GCP GKE,Amenaza,No,Los secretos de Kubernetes no se almacenan de forma segura mediante el servicio Secret Manager.
TMA-3ED3,Políticas de Clave de Acceso y Contraseña para Usuarios de AWS IAM,Control,No,Establecer y aplicar políticas de rotación de claves de acceso y contraseñas seguras para los usuarios de IAM.
TMA-9592,Repudio,Amenaza,No,"El nodo es propenso a amenazas de repudio, por las cuales un atacante puede negar sus acciones sin posibilidad de rastreo ni trazabilidad."
TMA-BBE6,Recurso AWS Permite Conexiones Sin Cifrado TLS Seguro,Amenaza,No,"El recurso permite tráfico de red sin cifrado TLS adecuado, incluyendo tráfico sin cifrar, versiones de protocolo obsoletas o suites de cifrado débiles, lo que puede exponer los datos en tránsito a atacantes."
TMA-1F59,GCP Cloud Run Sin Autorización Binaria,Amenaza,No,El recurso no emplea Autorización Binaria para reducir el riesgo de desplegar software vulnerable o malicioso en el entorno.
TMA-8680,Microsoft Entra ID No Permite Creación de Grupos,Control,No,Asegurar que los usuarios no puedan crear grupos de Office 365 ni grupos de seguridad sin autorización.
TMA-C741,Verificación de Certificados Comodín en AWS ACM,Control,No,Evitar la emisión o importación de certificados comodín mediante ACM para limitar el alcance de la confianza.
TMA-15A7,GCP GKE Usa Nodos Reforzados,Control,No,Habilitar los Nodos GKE Reforzados para impedir que un atacante que haya obtenido credenciales de arranque pueda suplantar nodos en el clúster de Kubernetes.
TMA-CA75,Máquina Virtual Azure No Usa Inicio de Confianza,Amenaza,No,La instancia de Máquina Virtual Azure no emplea el Inicio de Confianza para protegerse frente a ataques persistentes y avanzados.
TMA-A4C4,Monitoreo Básico con AWS CloudWatch,Control,No,Utilizar el monitoreo básico de CloudWatch para el seguimiento y análisis de las métricas del recurso.
TMA-180C,Azure Storage Habilita Cifrado de Infraestructura,Control,No,Asegurar que la cuenta de almacenamiento utilice cifrado de infraestructura para satisfacer los requisitos de seguridad y normativa.
TMA-EB61,Tokens SAS de Azure Storage Aplican Control de Acceso,Control,No,Asegurar que los tokens SAS utilizados para acceder a la cuenta de almacenamiento de Azure empleen políticas de acceso estrictas contra accesos no autorizados.
TMA-25B5,Recurso GCP con Mínimo Privilegio,Control,No,Asegurar que el recurso GCP tenga únicamente los privilegios mínimos necesarios para ejecutar sus tareas.
TMA-9951,Creación de Cuentas de Servicio de GCP IAM Sin Restricciones,Amenaza,No,Los usuarios pueden crear cuentas de servicio en GCP sin ninguna restricción o control previo.
TMA-C4BC,Expiración de Sesión Insuficiente,Amenaza,No,"El nodo no cierra las sesiones de usuario activas tras un período predefinido de inactividad, ampliando la ventana de oportunidad para que un atacante reutilice identificadores de sesión caducados con fines de autorización."
TMA-C793,Deshabilitar Acceso Remoto en AWS EKS,Control,No,Limitar correctamente o deshabilitar el acceso remoto a los grupos de nodos del clúster EKS conforme a los requisitos establecidos.
TMA-2557,Scripting entre Sitios (XSS),Amenaza,No,"El nodo utiliza entradas no confiables para generar contenido HTML. Los atacantes pueden inyectar scripts maliciosos en dicho contenido e inducir a la víctima a visualizarlo, forzando al navegador a ejecutar código del lado del cliente en el contexto del sitio objetivo con los privilegios del usuario."
TMA-81C4,Recurso Azure con Políticas de Acceso Permisivas,Amenaza,No,El recurso Azure tiene una política de acceso excesivamente permisiva que puede permitir a usuarios no autorizados acceder a datos o funciones no intendidas.
TMA-8681,Recurso AWS Asegura Conexiones con Cifrado TLS Robusto,Control,No,Asegurar que el recurso AWS aplique estrictamente conexiones de red con las versiones de protocolo TLS aprobadas y suites de cifrado sólidas para proteger los datos en tránsito frente a exposición.
TMA-FF7D,Recurso AWS Restringe el Acceso desde Redes Públicas,Control,No,Asegurar que el recurso AWS no sea accesible desde la red pública.
TMA-5762,Redacción de Datos Sensibles,Control,No,"Redactar, ofuscar o tokenizar información sensible como números de tarjetas de crédito u otros datos críticos."
TMA-477B,Carga de Archivos Maliciosos,Amenaza,No,El nodo expone funcionalidad que puede ser explotada para cargar y potencialmente ejecutar archivos maliciosos.
TMA-A1E2,Cortafuegos,Control,No,Utilizar dispositivos de red para filtrar el tráfico de entrada y salida. Configurar software en los endpoints para controlar el tráfico de red según políticas definidas.
TMA-32AA,Recurso Azure Restringe el Acceso desde Redes Públicas,Control,No,Asegurar que el recurso Azure no sea accesible desde la red pública.
TMA-563A,Componente Vulnerable u Obsoleto,Amenaza,No,"El nodo incluye componentes desactualizados o con vulnerabilidades conocidas, como bibliotecas de software sin los últimos parches, exponiendo el sistema a exploits y brechas potenciales."
TMA-361F,Monitoreo con AWS CloudTrail,Control,No,Emplear CloudTrail para aumentar la visibilidad sobre las actividades del recurso y facilitar el análisis de seguridad.
TMA-A161,Uso de Consultas SQL Parametrizadas,Control,No,Precompilar las sentencias SQL para prevenir ataques de inyección SQL en el servidor de base de datos.
TMA-B434,AWS EKS con Grupos de Seguridad Estrictos,Control,No,Utilizar grupos de seguridad restrictivos para garantizar que el clúster EKS esté protegido frente a exposición no deseada.
TMA-166E,Inyección NoSQL,Amenaza,No,El nodo usa entradas no confiables para construir consultas sobre un servidor de base de datos NoSQL. Los atacantes pueden inyectar cadenas maliciosas para manipular sentencias y ejecutar acciones no previstas.
TMA-A8B6,Acceso Administrativo Sin Restricciones a GCP Cloud MySQL,Amenaza,No,"La base de datos MySQL permite a los usuarios administrativos conectarse sin requerir contraseña de root, lo que representa un riesgo de seguridad grave."
TMA-58FD,Políticas de Contraseñas,Control,No,Establecer y aplicar políticas de contraseñas seguras para todas las cuentas del sistema.
TMA-8E36,Cuenta Administrativa de GCP IAM Sin Llave de Seguridad Física,Amenaza,No,La cuenta administrativa puede iniciar sesión sin necesidad de utilizar una Llave de Seguridad física como segundo factor.
TMA-BD86,Recurso AWS con Registro y Monitoreo Inadecuados,Amenaza,No,"El recurso AWS no está siendo supervisado adecuadamente por servicios de registro como CloudWatch, CloudTrail y otras herramientas específicas del recurso, limitando la capacidad de detección y respuesta ante eventos de seguridad."
TMA-1ABF,No Vinculabilidad,Control,No,"Si el anonimato es un requisito, evitar el uso de identificadores u otros datos combinados que puedan vincular acciones o información a personas específicas."
TMA-9743,Recurso AWS Cifra Datos con Claves Administradas por el Cliente,Control,No,Asegurar que la información sensible procesada por el recurso AWS esté cifrada mediante Claves Maestras del Cliente (CMK) de KMS para mantener el control total sobre el cifrado y cumplir con los requisitos normativos.
TMA-32DE,Usuario de AWS IAM con Acceso a la Consola Sin MFA,Amenaza,No,El usuario IAM con acceso a la consola puede autenticarse sin necesidad de utilizar autenticación multifactor.
TMA-FE72,Transparencia de Acceso de GCP IAM Deshabilitada,Amenaza,No,"La función de Transparencia de Acceso, destinada a incrementar la visibilidad sobre las acciones realizadas por los usuarios, no está habilitada."
TMA-510A,Divulgación de Información,Amenaza,No,"El nodo filtra fragmentos de información sensible, tales como datos internos o credenciales de autenticación, que pueden ser utilizados para facilitar ataques posteriores."
TMA-28DB,AWS KMS No Usa Clave Administrada por el Cliente,Amenaza,No,No se emplean Claves Administradas por el Cliente (CMK) para satisfacer los requisitos estrictos de seguridad y cumplimiento normativo.
TMA-FAFE,Fuerza Bruta de Contraseñas,Amenaza,No,El nodo no protege adecuadamente contra intentos masivos de autenticación con distintas contraseñas para acceder a la cuenta objetivo.
TMA-8F82,Abuso de Funciones Mal Configuradas o de Depuración,Amenaza,No,"El nodo tiene configuraciones incorrectas activas, como funciones de desarrollo o depuración habilitadas en producción. Los adversarios pueden aprovecharse de esto para realizar acciones no previstas por la aplicación."
TMA-D124,Cuentas de Servicio Gestionadas por Usuario de GCP IAM Usan Claves Gestionadas por Usuario,Amenaza,No,"La cuenta de servicio gestionada por el usuario emplea claves administradas por el propio usuario en lugar de claves administradas por GCP, resultando en claves no supervisadas adecuadamente."
TMA-9923,Inyección SQL,Amenaza,No,El nodo emplea entradas no confiables para construir consultas ejecutadas contra un servidor de base de datos SQL. Los atacantes pueden inyectar cadenas maliciosas para alterar sentencias y realizar operaciones no previstas por la aplicación.
TMA-407D,Certificados AWS ACM con Nombres de Dominio Comodín,Amenaza,No,"Se emiten certificados comodín a través de ACM, lo que puede ampliar innecesariamente el alcance de la confianza de los certificados."
TMA-F46C,Abuso de Privilegios Otorgados,Amenaza,No,"El nodo no asigna ni verifica correctamente los controles de autorización. A diferencia de la escalada activa de privilegios, el sistema concede a los adversarios acceso a recursos y funcionalidades fuera del alcance previsto."
TMA-CA19,Usuario de Microsoft Entra ID Sin MFA,Amenaza,No,El usuario puede autenticarse e iniciar sesión sin necesidad de utilizar autenticación multifactor.
TMA-FA46,Valores de Seguridad Predeterminados Deshabilitados en Microsoft Entra ID,Amenaza,No,"Los valores de seguridad predeterminados están desactivados en Microsoft Entra ID, debilitando la postura de seguridad de la cuenta."
TMA-E5B9,Azure Storage Solo Acepta Tokens SAS por HTTPS,Control,No,La cuenta de almacenamiento permite el acceso mediante URIs de Firma de Acceso Compartido (SAS) exclusivamente a través del protocolo HTTPS.
TMA-D52D,Recurso Azure Aplica Filtrado de Direcciones IP,Control,No,"Restringir el acceso al recurso Azure únicamente a las direcciones IP de confianza, reduciendo el riesgo de acceso no autorizado."
TMA-1118,Inyección de Comandos del Sistema Operativo,Amenaza,No,El nodo ejecuta entradas no confiables como instrucciones del sistema operativo. Los atacantes pueden enviar cadenas maliciosas para desviar la ejecución de comandos y realizar operaciones no autorizadas.
TMA-DCF2,Recurso GCP Accesible Públicamente,Amenaza,No,El recurso GCP no está adecuadamente protegido y permite el acceso anónimo o público sin restricciones.
TMA-932A,Identidad de GCP IAM con Mínimo Privilegio,Control,No,Asegurar que la identidad de GCP IAM tenga únicamente los privilegios mínimos necesarios para desempeñar sus funciones.
TMA-5736,Auditoría de Seguridad,Control,No,"Realizar auditorías o análisis periódicos de sistemas, permisos, software inseguro y configuraciones inadecuadas para identificar posibles vulnerabilidades."
TMA-D334,Puerta de Enlace Azure API Management con Métodos de Autenticación Inadecuados,Amenaza,No,"Los métodos de autenticación de la puerta de enlace de API Management son limitados, ofreciendo opciones insuficientes para garantizar la seguridad y el control de acceso robustos."
TMA-2E2C,AWS S3 Sin Registro de Acceso al Servidor,Amenaza,No,"El bucket de S3 no tiene habilitado el registro de acceso al servidor, dificultando la detección y auditoría de accesos no autorizados."
TMA-704F,Recurso Azure No Usa Identidades Administradas,Amenaza,No,El recurso no emplea identidades asignadas por el sistema ni por el usuario para la gestión detallada del control de acceso.
TMA-3312,Cifrado de Variables de Entorno en AWS Lambda,Control,No,Garantizar el cifrado en tránsito de las variables de entorno de Lambda que contienen datos sensibles.
TMA-9E85,Falsificación de Solicitud entre Sitios (CSRF),Amenaza,No,"La aplicación web no implementa patrones de programación anti-CSRF. Los atacantes pueden forjar un enlace malicioso y persuadir a la víctima de visitarlo, lo que fuerza al navegador a ejecutar acciones con los privilegios del usuario aprovechando las cookies de sesión activas."
TMA-8206,Identificación Única de Usuario,Control,No,Asignar un nombre y/o número único a cada usuario para su correcta identificación y seguimiento dentro del sistema.
TMA-8A23,Recurso AWS Cifra los Datos,Control,No,Asegurar que la información sensible procesada por el recurso esté cifrada para cumplir con los requisitos de seguridad y normativa vigente.
TMA-6335,GCP Compute Engine Permite el Uso de Imágenes No Aprobadas,Amenaza,No,Las instancias de máquina virtual pueden iniciarse utilizando imágenes no aprobadas ni verificadas previamente.
TMA-D83B,Cumplimiento de Privacidad,Control,No,
TMA-68C8,Gestión No Autorizada de Grupos y Aplicaciones en Microsoft Entra ID,Amenaza,No,"Los usuarios de Microsoft Entra ID disponen de amplias capacidades para habilitar la administración de grupos por autoservicio, aplicaciones de galería o consentir que aplicaciones accedan a datos corporativos."
TMA-53FC,Inclusión de Código Local o Remoto,Amenaza,No,El nodo interpreta y ejecuta código no confiable obtenido localmente o desde ubicaciones remotas. Los atacantes pueden indicar una ruta maliciosa para incluir código arbitrario y ejecutar acciones ajenas a las previstas.
TMA-3643,Imagen de Disco Compartida de GCP Compute Engine Accesible Públicamente,Amenaza,No,La imagen de disco compartida no está adecuadamente protegida y permite acceso anónimo o público sin restricciones.
TMA-2D6E,Recurso AWS Aplica Filtrado de Direcciones IP,Control,No,"Restringir el acceso al recurso únicamente a las direcciones IP de confianza, reduciendo la superficie de ataque y el riesgo de acceso no autorizado."
TMA-5B9E,Recurso Azure Asegura Conexiones con Cifrado TLS Robusto,Control,No,Asegurar que el recurso Azure aplique conexiones de red con las versiones de protocolo TLS aprobadas y suites de cifrado sólidas para proteger los datos en tránsito frente a exposición.
TMA-E065,AWS Lambda Sin Firma de Código,Amenaza,No,"La función Lambda no valida la firma del código desplegado, permitiendo la posible ejecución de código no autorizado o malicioso."
TMA-835E,Deshabilitar o Eliminar Funciones Peligrosas,Control,No,Eliminar o restringir el acceso a funcionalidades que puedan ser abusadas por adversarios para comprometer el sistema.
TMA-65A7,Procedimiento de Acceso de Emergencia,Control,No,Establecer e implementar procedimientos para obtener acceso a la información electrónica de salud protegida necesaria durante situaciones de emergencia.
TMA-8B42,Creación No Autorizada de Grupos en Microsoft Entra ID,Amenaza,No,Los usuarios de Microsoft Entra ID tienen la capacidad de crear grupos de Office 365 y grupos de seguridad sin restricción.
TMA-8267,AWS CloudFront Se Conecta a Orígenes Sin Cifrado TLS Seguro,Amenaza,No,"CloudFront recupera contenido de los orígenes sin emplear conexiones cifradas adecuadamente con TLS, incluyendo tráfico sin cifrar, versiones de protocolo obsoletas o suites de cifrado débiles, lo que puede exponer los datos en tránsito a atacantes."
TMA-98C3,Autenticación de Certificado de Cliente,Control,No,"Al actuar como servidor, asegurar que el nodo autentique correctamente los certificados presentados por los clientes."
TMA-DDDD,Microsoft Entra ID Restringe el Acceso al Portal de Administración,Control,No,Configurar la opción de restricción de acceso al portal de administración de Microsoft Entra ID como activa.
TMA-BD84,Microsoft Entra ID Habilita los Valores de Seguridad Predeterminados,Control,No,Activar los valores de seguridad predeterminados para reforzar la seguridad de Microsoft Entra ID.
TMA-B69A,Instancia de GCP Compute Engine Usa Cuenta de Servicio Predeterminada,Amenaza,No,"La instancia de máquina virtual tiene asignada la cuenta de servicio predeterminada, que normalmente posee el rol de Editor, otorgando acceso de lectura y escritura amplio a los servicios del proyecto."
TMA-B527,Almacenamiento Inseguro de Secretos en GCP Cloud Function,Amenaza,No,"Los secretos de la función se transmiten a través de variables de entorno o están incrustados en el código fuente, en lugar de gestionarse de forma segura mediante Secret Manager."
TMA-E3A7,Registro de Acceso al Servidor en AWS S3,Control,No,Implementar el registro de acceso al servidor para dejar constancia de todas las solicitudes realizadas al bucket de S3.
TMA-44B5,AWS Lambda Usa URLs de Función Innecesarias,Amenaza,No,La función tiene habilitadas URLs de función que no son requeridas para su funcionamiento.
TMA-19B9,Seguridad de la Cuenta Raíz de AWS,Control,No,Verificar que la cuenta raíz use MFA y no emplee claves de acceso ni certificados X.509 para operar.
TMA-FE61,Azure SQL Server No Integra Microsoft Entra ID,Amenaza,No,El servidor SQL no tiene habilitada la integración con Microsoft Entra ID para la autenticación centralizada.
TMA-146B,Azure Asigna el Rol de Administrador de Bloqueo de Recursos,Control,No,Asegurar que se asigne un rol de administrador de bloqueo de recursos para cada suscripción de Azure.
TMA-6AD9,Auditoría de Seguridad Inadecuada,Amenaza,No,"El sistema carece de auditorías de seguridad suficientes, como evaluaciones de vulnerabilidades y pruebas de penetración, incrementando el riesgo de vulnerabilidades no detectadas que podrían ser explotadas por actores maliciosos."
TMA-5255,Identidad de Microsoft Entra con Mínimo Privilegio,Control,No,Asegurar que la identidad de Microsoft Entra tenga únicamente los privilegios mínimos necesarios para llevar a cabo sus funciones.
TMA-DFFB,Cuentas de Servicio Gestionadas por Usuario de GCP IAM Usan Claves Administradas por GCP,Control,No,La cuenta de servicio gestionada por el usuario emplea únicamente claves administradas por GCP en lugar de claves gestionadas por el usuario.
TMA-9540,AWS EC2 con Grupos de Seguridad Estrictos,Control,No,Emplear grupos de seguridad estrictos en lugar de los predeterminados para proteger los recursos sensibles frente a exposición no autorizada.
TMA-276F,GCP IAM Habilita la Transparencia de Acceso,Control,No,Activar la función de Transparencia de Acceso para incrementar la visibilidad de las acciones realizadas por los usuarios.
TMA-D627,Azure App Service Deshabilita la Depuración Remota,Control,No,Deshabilitar la funcionalidad de depuración remota en las aplicaciones web de Azure App Services.
TMA-BE2A,Cierre de Sesión Automático,Control,No,Implementar procedimientos que finalicen automáticamente la sesión electrónica tras un tiempo predeterminado de inactividad.
TMA-AC31,GCP Compute Solo Puede Usar Imágenes Aprobadas,Control,No,Asegurar que únicamente las imágenes previamente aprobadas puedan emplearse para lanzar instancias de máquina virtual en GCP.
TMA-8783,AWS CloudFront Se Conecta a Orígenes con Cifrado TLS Seguro,Control,No,Asegurar que CloudFront recupere contenido de los orígenes empleando versiones de protocolo TLS aprobadas y suites de cifrado sólidas para proteger los datos en tránsito.
TMA-7497,Microsoft Entra ID Restringe Gestión de Grupos y Aplicaciones,Control,No,"Denegar los permisos de autoservicio para creación de grupos, gestión de aplicaciones y consentimiento de acceso a datos corporativos en nombre del usuario de Microsoft Entra ID."
TMA-D9AF,Aplicar Mínimo Privilegio,Control,No,Conceder únicamente el acceso y los permisos mínimos necesarios a cada usuario o proceso. Revisar periódicamente los privilegios para evitar la acumulación de derechos que supere los requisitos reales.
TMA-D8DC,Azure Function Usa Claves de Acceso,Control,No,Asegurar que las Azure Functions activadas mediante HTTP utilicen claves de acceso para controlar el acceso.
TMA-7708,Recurso Azure Aplica Control de Acceso,Control,No,Asegurar que el recurso Azure aplique políticas de acceso estrictas para prevenir accesos no autorizados.
TMA-854D,Rotación de Claves de Acceso a la API de Azure OpenAI,Control,No,Rotar periódicamente las claves de acceso a la API para prevenir el acceso no autorizado al servicio.
TMA-51D8,Autenticación de Certificados SSL de Cliente en Recursos Azure,Control,No,Aplicar la autenticación de certificados SSL del lado del cliente para garantizar que solo los clientes autorizados con certificados válidos puedan acceder al recurso Azure.
TMA-BBCB,Codificación de Salida,Control,No,"Antes de mostrar entradas no confiables, convertirlas a una forma segura para evitar ataques de inyección que las ejecuten como código en el navegador."
TMA-96D5,Recurso AWS con Políticas de Acceso Permisivas,Amenaza,No,El recurso AWS tiene una política de acceso excesivamente permisiva que puede permitir a usuarios no autorizados acceder a datos o funciones no intendidas.
TMA-1333,Plan de Respuesta a Incidentes,Control,No,"Establecer y mantener un plan de respuesta a incidentes para garantizar la detección, respuesta y recuperación oportuna ante brechas de seguridad, minimizando su impacto y preservando la resiliencia operacional."
TMA-3C61,Usuario de AWS IAM Sin Políticas de Clave de Acceso y Contraseña,Amenaza,No,El usuario IAM carece de políticas de rotación de claves de acceso y contraseñas seguras para cumplir con los requisitos de seguridad y normativa.
TMA-167C,Recurso Azure Permite Conexiones Sin Cifrado TLS Seguro,Amenaza,No,"El recurso Azure permite tráfico de red sin cifrado TLS adecuado, incluyendo tráfico sin cifrar, versiones de protocolo obsoletas o suites de cifrado débiles, exponiendo los datos en tránsito a posibles atacantes."
TMA-FF0C,Usuario de GCP IAM con Roles Primitivos Asignados,Amenaza,No,"Al usuario se le otorgan roles primitivos como 'Propietario', 'Editor' y 'Visualizador' en lugar de roles con mayor granularidad, incrementando el riesgo de escalada de privilegios."
TMA-E3D7,Recurso GCP con Cifrado de Datos en Reposo Inadecuado,Amenaza,No,"El recurso GCP contiene información sensible que no está adecuadamente cifrada en reposo, incumpliendo los requisitos de cifrado establecidos."
TMA-184A,Recurso AWS con Mínimo Privilegio,Control,No,Asegurar que el recurso AWS tenga únicamente los privilegios mínimos imprescindibles para ejecutar sus tareas.
TMA-4A87,Inyección de Código,Amenaza,No,El nodo interpreta y ejecuta entradas no confiables como instrucciones de código. Los adversarios pueden enviar cadenas maliciosas para desviar el flujo de control y ejecutar acciones no autorizadas.
TMA-16D4,Registro de Eventos Insuficiente,Amenaza,No,"El nodo no registra de forma adecuada eventos como inicios de sesión, intentos fallidos, transacciones de alto valor y errores del sistema."
TMA-4BCA,Grupo de Seguridad Predeterminado Sin Restricciones en AWS EC2,Amenaza,No,El grupo de seguridad predeterminado activo no restringe todo el tráfico de red hacia la instancia.
TMA-206B,Microsoft Entra ID No Permite Usuarios Invitados,Control,No,Asegurar que no se permitan usuarios invitados en Microsoft Entra ID cuando no sean estrictamente necesarios.
TMA-7F58,Implementar Patrones Anti-CSRF,Control,No,"Diseñar el sitio web para aplicar patrones de protección contra falsificación de solicitudes entre sitios, validando todas las peticiones HTTP entrantes."
TMA-3189,GCP Cloud Run Aplica Autorización Binaria,Control,No,El servicio de Cloud Run emplea Autorización Binaria para reducir el riesgo de desplegar software vulnerable o malicioso.
TMA-7799,Autenticación de Certificado del Servidor,Control,No,"Al actuar como cliente, asegurar que el nodo autentique correctamente el certificado presentado por el servidor."
TMA-DF46,Restricción de Ejecución de Software,Control,No,Impedir que los usuarios ejecuten o instalen software no autorizado ni aprobado previamente.
TMA-35E6,Azure API Management No Integra Microsoft Entra ID,Amenaza,No,El Portal de Desarrolladores de Azure API Management no autentica a sus usuarios mediante Microsoft Entra ID.
TMA-702B,Máquina Virtual Azure Usa Inicio de Confianza,Control,No,La Máquina Virtual Azure emplea Inicio de Confianza para habilitar capacidades como Arranque Seguro y Módulo de Plataforma Confiable virtual (vTPM).
TMA-FE92,AWS EC2 Permite el Uso de AMIs No Aprobadas,Amenaza,No,Las instancias EC2 pueden iniciarse utilizando imágenes AMI no aprobadas ni verificadas previamente.
TMA-BFF6,Cuenta Administrativa de GCP IAM Requiere Llave de Seguridad Física,Control,No,Requerir autenticación mediante Llave de Seguridad física para la cuenta administrativa de GCP.
TMA-BC46,Recurso AWS Expuesto a Redes Públicas,Amenaza,No,"El recurso AWS está destinado al acceso exclusivo desde redes privadas; sin embargo, es accesible desde la red pública."
TMA-A5B1,Azure SQL Server con Seguridad Avanzada de Datos Deshabilitada,Amenaza,No,"La Seguridad Avanzada de Datos (ADS) no está habilitada en el servidor SQL, reduciendo la capacidad de detección de amenazas."
TMA-4691,Compartición Insegura de AMI en AWS EC2,Amenaza,No,"La AMI se comparte de forma pública, exponiendo potencialmente datos sensibles contenidos en la imagen."
TMA-97FC,Recurso AWS con Privilegios Excesivos,Amenaza,No,Al recurso AWS se le han concedido privilegios excesivos que permiten el acceso no autorizado a información o recursos sensibles.
TMA-684F,Usuario de GCP IAM Sin MFA,Amenaza,No,El usuario puede autenticarse e iniciar sesión en GCP sin necesidad de utilizar autenticación multifactor.
TMA-B800,Ejecución de Código Malicioso,Amenaza,No,"El nodo permite la instalación y ejecución de software malicioso, incluyendo rootkits, ransomware, spyware, adware y otras amenazas de código dañino."
TMA-CEAC,Recursos GCP Usan Secret Manager,Control,No,Asegurar que los secretos procesados por el recurso se gestionen de forma segura mediante GCP Secret Manager.
TMA-9C1C,Recursos Azure Usan Identidades Administradas,Control,No,Asegurar que el recurso emplee identidades administradas para una gestión de acceso segura y simplificada.
TMA-6F2B,Inyección XML,Amenaza,No,"El nodo procesa XML no confiable, lo que puede explotarse para ejecutar acciones no deseadas. Si el procesamiento de entidades externas XML (XXE) está habilitado, los atacantes podrían obtener acceso no autorizado a recursos sensibles o desencadenar una denegación de servicio."
TMA-25BC,Monitoreo con AWS IAM Access Analyzer,Control,No,"Utilizar IAM Access Analyzer, cuando esté disponible para el recurso, para obtener mayor visibilidad sobre los patrones de acceso e identificar posibles riesgos analizando los permisos concedidos a entidades externas."
TMA-2ACF,Firma de Código en AWS Lambda,Control,No,Habilitar la firma de código en AWS Lambda para asegurar que únicamente código verificado y de confianza se ejecute dentro de la función.
TMA-6670,Identidad de Microsoft Entra con Privilegios Excesivos,Amenaza,No,A la identidad de Microsoft Entra se le han concedido privilegios excesivos que permiten el acceso no autorizado a información o recursos sensibles.
TMA-334C,Recurso GCP Permite Conexiones Sin Cifrado TLS Seguro,Amenaza,No,"El recurso GCP permite tráfico de red sin cifrado TLS adecuado, incluyendo tráfico sin cifrar, versiones de protocolo obsoletas o suites de cifrado débiles, con el consiguiente riesgo de exposición de datos en tránsito."
TMA-9190,Recurso Azure con Cifrado de Datos en Reposo Inadecuado,Amenaza,No,"El recurso Azure contiene información sensible que no está adecuadamente cifrada en reposo, incumpliendo los requisitos de cifrado establecidos."
TMA-C048,Anonimato,Control,No,"Si el anonimato es un requisito, implementar medidas específicas como enmascaramiento de datos, cifrado o seudonimización para ocultar eficazmente el vínculo entre una identidad y cualquier acción o dato."
TMA-A7BA,Acceso Remoto No Regulado en AWS EKS,Amenaza,No,El acceso remoto a los grupos de nodos del clúster EKS no está adecuadamente limitado ni deshabilitado.
TMA-2964,Microsoft Entra ID No Permite Envío de Invitaciones,Control,No,Asegurar que las opciones de invitación para invitados y miembros estén configuradas como deshabilitadas.
TMA-59A9,Usuarios de Microsoft Entra ID Pueden Invitar Externos,Amenaza,No,Los miembros o invitados de Microsoft Entra ID tienen la capacidad de enviar invitaciones a usuarios externos sin restricciones.
TMA-364E,Exposición de Datos Personales,Amenaza,No,"El nodo no protege adecuadamente información personal sensible como datos de identificación, registros médicos o números de tarjeta, incrementando el riesgo de acceso no autorizado y violaciones de privacidad."
TMA-B4F7,Usar Software Antivirus o de Respuesta a Amenazas,Control,No,Instalar software antivirus o de respuesta a amenazas que emplee firmas o heurísticas para detectar y neutralizar programas maliciosos.
TMA-FEAC,Gestión de Secretos,Control,No,"Cifrar, almacenar y administrar de forma segura el acceso a secretos como contraseñas, tokens y claves de cifrado, mediante bóvedas centralizadas, rotación periódica y registros de auditoría detallados."
TMA-6CED,Manipulación de Datos,Amenaza,No,"El nodo es vulnerable a la manipulación de datos, permitiendo modificaciones no autorizadas de información en tránsito o en almacenamiento."
TMA-2A29,Eliminación del Rol de Propietario Personalizado en Azure,Control,No,Eliminar los roles de propietario personalizados presentes en la cuenta de Microsoft Azure.
TMA-E9C3,Inyección LDAP,Amenaza,No,El nodo utiliza entradas no confiables para construir consultas dirigidas a un servidor de autenticación LDAP. Los adversarios pueden inyectar cadenas maliciosas para ejecutar acciones distintas a las previstas.
TMA-6C1A,Azure Storage Acepta Tokens SAS por HTTP,Amenaza,No,"La cuenta de almacenamiento permite compartir URIs de Firma de Acceso Compartido (SAS) sin requerir HTTPS, exponiendo potencialmente los datos en tránsito a adversarios."
TMA-50AD,AWS ELB Acepta Campos de Encabezado No Válidos,Amenaza,No,"El balanceador de carga no elimina los encabezados HTTP no válidos, incrementando el riesgo de ataques de contrabando de solicitudes (request smuggling)."
TMA-D2E1,Cifrar Información Sensible,Control,No,Garantizar que toda la información sensible procesada por el nodo esté cifrada para cumplir con los requisitos de seguridad y normativa vigente.
TMA-7F30,Azure Storage No Integra Microsoft Entra ID,Amenaza,No,La cuenta de almacenamiento de Azure no tiene habilitada la integración con Microsoft Entra ID para la autenticación centralizada.
TMA-43B1,AWS API Gateway Emplea Métodos de Autenticación Inadecuados para APIs,Amenaza,No,"Los métodos de autenticación del recurso son limitados, ofreciendo opciones insuficientes para garantizar una seguridad y un control de acceso robustos."
TMA-3584,Usuario de GCP IAM con Roles de Servicio Privilegiados a Nivel de Proyecto,Amenaza,No,"Al usuario se le otorga el rol de 'Usuario de Cuenta de Servicio' o 'Creador de Token de Cuenta de Servicio' a nivel de proyecto en lugar de a nivel de cuenta de servicio individual, lo que podría derivar en una escalada de privilegios no intendida."
TMA-BC7D,Recurso AWS Accesible Públicamente,Amenaza,No,El recurso no está adecuadamente protegido y permite el acceso anónimo o público sin restricciones.
TMA-AB2E,Secuestro de Clics (Clickjacking),Amenaza,No,La aplicación web no protege adecuadamente sus páginas frente a la incrustación en marcos u otros elementos de interfaz. Los atacantes pueden engañar a la víctima para que interactúe con el nodo mientras cree estar navegando por un sitio completamente diferente.
TMA-CDA5,Saneamiento de Entrada,Control,No,Inspeccionar las entradas no confiables y eliminar cualquier elemento que pueda representar un riesgo potencial para el sistema.
TMA-6004,Ataque de Intermediario (MitM),Amenaza,No,"Este nodo permite tráfico de red sin cifrado adecuado, incluyendo versiones obsoletas de TLS o suites de cifrado débiles. Un adversario posicionado entre dos nodos puede leer y potencialmente alterar la información transmitida."
TMA-B15D,Instancia AWS EC2 Usa Dirección IP Pública,Amenaza,No,La instancia EC2 está operando con una dirección IP pública asignada.
TMA-81A7,Tokens SAS de Azure Storage con Políticas de Acceso Permisivas,Amenaza,No,La cuenta de almacenamiento utiliza Firmas de Acceso Compartido (SAS) con una política de acceso excesivamente abierta que puede permitir el acceso a datos o funciones no deseados.
TMA-677E,Indetectabilidad,Control,No,"Si el anonimato es un requisito, aplicar medidas para que los elementos de interés resulten indistinguibles ante un posible atacante."
TMA-BFC1,GCP IAM Habilita la Aprobación de Acceso,Control,No,Activar la Aprobación de Acceso para requerir validación adicional antes de conceder accesos.
TMA-F23B,Tokens SAS de Azure Storage con Tiempo de Expiración Prolongado,Amenaza,No,"Los tokens SAS para acceder a la cuenta de almacenamiento tienen un período de validez excesivo, incrementando los riesgos de seguridad al permitir acceso durante un tiempo prolongado."
TMA-F618,Creación de Cuentas de Servicio de GCP IAM Restringida,Control,No,Aplicar la política organizacional de deshabilitación de creación de cuentas de servicio para evitar la proliferación de cuentas no controladas y reducir la superficie de riesgo.
TMA-D842,Recurso Azure Expuesto a Redes Públicas,Amenaza,No,"El recurso Azure está destinado al acceso exclusivo desde redes privadas; sin embargo, es accesible desde la red pública."
TMA-5ACC,Ataque de Interceptación de Tráfico (Sniffing),Amenaza,No,"Este nodo es vulnerable a ataques de interceptación de tráfico, donde un adversario monitorea y captura datos transmitidos por canales no protegidos."
TMA-2A4C,Monitoreo con Microsoft Defender,Control,No,"Habilitar Microsoft Defender, cuando esté disponible, para activar capacidades de detección de amenazas y protección activa del recurso."
TMA-B594,Azure App Service Permite Depuración Remota,Amenaza,No,"La funcionalidad de depuración remota está habilitada en las aplicaciones web de Azure App Services, lo que podría facilitar el acceso no autorizado."
TMA-EF9C,Mitigación de Ataques Automatizados,Control,No,"Implementar controles para protegerse contra ataques automatizados como el raspado de contenido, fuerza bruta de contraseñas o denegación de servicio."
TMA-20C4,IMDSv2 Obligatorio en AWS EC2,Control,No,Asegurar que las instancias de Amazon EC2 exijan el uso de IMDSv2 para protegerse contra ataques de Falsificación de Solicitudes del Lado del Servidor (SSRF).
TMA-114F,AWS ELB Descarta Campos de Encabezado No Válidos,Control,No,"El balanceador de carga descarta los encabezados HTTP no válidos, mitigando el riesgo de ataques de contrabando de solicitudes."
TMA-4721,GCP Cloud MySQL Usa Contraseña para Acceso Administrativo,Control,No,La base de datos MySQL exige que los usuarios administrativos se conecten utilizando una contraseña de root.
TMA-9637,Azure SQL Server con Seguridad Avanzada de Datos Activa,Control,No,Activar la Seguridad Avanzada de Datos (ADS) y la Protección Avanzada contra Amenazas para una protección integral y análisis de datos.
TMA-5FBC,Asegurar Conexiones con Cifrado Robusto,Control,No,"Garantizar que el nodo aplique conexiones de red seguras usando protocolos estándar de la industria, como TLS, con versiones aprobadas y mecanismos de cifrado sólidos para proteger los datos en tránsito frente al acceso no autorizado."
TMA-927B,Monitoreo de Alertas con Azure Monitor,Control,No,Configurar Azure Monitor Alerts para recibir notificaciones sobre eventos de seguridad inusuales.
TMA-2FF8,Identidad de AWS IAM con Privilegios Excesivos,Amenaza,No,A la identidad de AWS IAM se le han concedido privilegios excesivos que permiten el acceso no autorizado a información o recursos sensibles.
TMA-BF74,Instancia de GCP Compute Engine No Usa VM Blindada,Amenaza,No,La instancia de VM en GCP no emplea 'VM Blindada' para protegerse frente a ataques persistentes y avanzados.
TMA-DBA7,Suplantación de Identidad,Amenaza,No,"El nodo es susceptible a ataques de suplantación, donde un atacante puede hacerse pasar por otro usuario o entidad del sistema."
TMA-E583,Control de Acceso Azure con Rol de Administrador de Suscripción Personalizado,Amenaza,No,Existe un rol de administrador de suscripción personalizado que proporciona acceso administrativo completo a toda la cuenta de Microsoft Azure.
TMA-9F0A,AWS RDS con Grupos de Seguridad Estrictos,Control,No,Utilizar grupos de seguridad restrictivos para garantizar que el servidor de base de datos esté protegido frente a exposición no deseada.
TMA-34A7,AWS EC2 Sin Dirección IP Pública,Control,No,Asegurar que la instancia EC2 no tenga asignadas direcciones IP públicas.
TMA-9530,Eliminación del Rol de Administrador de Suscripción Personalizado en Azure,Control,No,Eliminar los roles de administrador de suscripción personalizados presentes en la cuenta de Microsoft Azure.
TMA-453D,Recurso GCP Sin Dirección IP Pública,Control,No,Asegurar que el recurso GCP no tenga asignadas direcciones IP públicas.
TMA-CCE6,Máquina Virtual Azure No Integra Microsoft Entra ID,Amenaza,No,La instancia de Máquina Virtual no tiene habilitada la integración con Microsoft Entra ID.
TMA-6CE7,Autenticación Multifactor,Control,No,Requerir el uso de múltiples factores para verificar y confirmar la identidad de cada usuario.
TMA-D6B8,Instancia de GCP Compute Engine Usa Direcciones IP Públicas,Amenaza,No,La instancia de máquina virtual está configurada con direcciones IP públicas.
TMA-8708,Azure App Service Utiliza Métodos de Autenticación Inadecuados,Amenaza,No,"Los métodos de autenticación del recurso son limitados, ofreciendo opciones insuficientes para garantizar la seguridad y el control de acceso."
TMA-915E,Recurso AWS Aplica Control de Acceso,Control,No,Asegurar que el recurso AWS aplique políticas de acceso estrictas para prevenir accesos no autorizados.
TMA-723F,Azure Storage Sin Cifrado de Infraestructura,Amenaza,No,La cuenta de almacenamiento no emplea cifrado a nivel de hardware adicional al cifrado de software predeterminado.
TMA-501B,Recurso Azure con Registro y Monitoreo Inadecuados,Amenaza,No,"El recurso Azure no está siendo supervisado adecuadamente por servicios de registro como Azure Monitor, Microsoft Defender y otras herramientas específicas del recurso, limitando la detección y respuesta ante eventos de seguridad."
TMA-A782,Aplicar Autorización,Control,No,Asegurar que el nodo aplique políticas de acceso estrictas para prevenir el acceso no autorizado a sus recursos y funcionalidades.
TMA-4D0D,Escaneo en Inserción No Habilitado en AWS ECR,Amenaza,No,Las imágenes de contenedor en ECR no se analizan automáticamente en busca de vulnerabilidades al ser publicadas en el repositorio.
TMA-6E32,Recurso GCP Aplica Filtrado de Direcciones IP,Control,No,"Restringir el acceso al recurso GCP únicamente a las direcciones IP de confianza, reduciendo el riesgo de acceso no autorizado."
TMA-57AB,Control de Acceso Azure sin Rol de Administrador de Bloqueo de Recursos,Amenaza,No,"El Rol de Administrador de Bloqueo de Recursos, recomendado por NIST para prevenir eliminaciones o modificaciones accidentales, está ausente en la cuenta de Microsoft Azure."
TMA-FBA5,Instancia de GCP Compute Engine Usa VM Blindada,Control,No,La máquina virtual tiene habilitada la opción 'VM Blindada' para activar capacidades como Arranque Seguro y Módulo de Plataforma Confiable virtual (vTPM).
TMA-4FD1,Recurso GCP con Políticas de Acceso Permisivas,Amenaza,No,El recurso GCP tiene una política de acceso excesivamente permisiva que puede permitir a usuarios no autorizados invocarlo o acceder a sus funcionalidades.
TMA-179D,Denegación de Servicio,Amenaza,No,El nodo es susceptible a ataques de DoS que pueden dejarlo inoperativo o no responder a los usuarios legítimos.
TMA-A456,Instancia de GCP Compute Engine No Usa Cuenta de Servicio Predeterminada,Control,No,"La instancia de máquina virtual no tiene asignada la cuenta de servicio predeterminada, reduciendo el riesgo de escalada de privilegios."
TMA-4400,Inyección IMAP/SMTP,Amenaza,No,El nodo emplea entradas no confiables para generar comandos ejecutados en un servidor de correo IMAP/SMTP. Los atacantes pueden manipular dichos comandos para realizar acciones no autorizadas.
TMA-C222,Recurso GCP Restringe el Acceso desde Redes Públicas,Control,No,Asegurar que el recurso GCP no sea accesible desde la red pública.
TMA-2991,Falsificación de Solicitudes del Lado del Servidor (SSRF),Amenaza,No,El nodo emplea entradas no confiables para generar solicitudes de red hacia otros nodos. Los atacantes pueden inyectar cadenas maliciosas para dirigir peticiones hacia nodos y servicios no previstos.
TMA-6394,Microsoft Entra ID Permite Usuarios Invitados,Amenaza,No,Se permiten usuarios invitados en Microsoft Entra ID sin que exista una necesidad empresarial legítima que lo justifique.
TMA-72A7,Recurso GCP Aplica Control de Acceso,Control,No,Asegurar que el recurso GCP aplique políticas de acceso estrictas para prevenir accesos no autorizados.
TMA-B837,Negación Plausible,Control,No,"Si la negación plausible es un requisito, evitar registrar cualquier dato que pueda comprometer dicha condición, como información directamente atribuible a un individuo."
TMA-7166,AWS IAM Requiere MFA para Acceso a la Consola,Control,No,Requerir autenticación multifactor para todos los usuarios con acceso a la consola de AWS.
TMA-17F7,AWS Lambda Sin Cifrado en Tránsito de Variables de Entorno,Amenaza,No,"La función Lambda transmite variables de entorno con información sensible sin aplicar cifrado, exponiéndolas a riesgos de seguridad durante el tránsito."
TMA-A56A,Acceso Sin Restricciones a Servicios de Red en AWS EC2,Amenaza,No,El grupo de seguridad configurado permite el acceso a servicios de red sensibles que se ejecutan en la instancia EC2.
TMA-75F2,AWS Lambda Usa URLs de Función Sin Autenticación,Amenaza,No,La función expone URLs de función accesibles por cualquier persona sin requerir mecanismo de autenticación alguno.
TMA-2701,Uso Indebido de la Cuenta Raíz de AWS,Amenaza,No,"La cuenta raíz utiliza claves de acceso o certificados X.509 para operar, lo cual representa un riesgo de seguridad significativo."
TMA-CDEB,Monitoreo Detallado con AWS CloudWatch,Control,No,"Emplear el monitoreo detallado de CloudWatch, cuando sea compatible con el recurso, para obtener mayor profundidad en el seguimiento y análisis de actividades."
